Company,Standardized Value
Google DeepMind,30.727370527992285
Anthropic,32.87681624278157
x.AI,41.673856698177964
Meta AI,44.709827384021736
OpenAI,60.47000887130226
