Company,Standardized Value
x.AI,37.884745214667944
Meta AI,46.41669507858325
Google DeepMind,90.71206213318403
Anthropic,112.40904948914265
OpenAI,202.22490562020008
