Company,Standardized Value
x.AI,28.602477113580576
Meta AI,68.71913728644067
Google DeepMind,84.97712089126553
Anthropic,88.52620217133287
OpenAI,214.14400508760787
