Company,Standardized Value
Anthropic,27.87681624278158
Google DeepMind,29.646289446911204
x.AI,47.07926210358337
Meta AI,49.709827384021736
OpenAI,60.94298184427523
