Company,Standardized Value
Anthropic,24.7322967389865
Google DeepMind,31.01904396098773
xAI,52.59586185559036
Meta AI,53.683984376648645
OpenAI,60.81832233340357
