Company,Standardized Value
x.AI,33.60356927266233
Google DeepMind,37.56761506344304
Meta AI,37.954454372377356
Anthropic,45.57890723182293
OpenAI,60.87651686383254
