Company,Standardized Value
x.AI,34.790027497769515
Meta AI,45.01441332709175
Google DeepMind,90.67138652236105
Anthropic,112.714078607724
OpenAI,207.14935737805658
