Company,Standardized Value
Anthropic,28.015791230430146
Google DeepMind,33.07159770150894
Meta AI,52.272243832381456
x.AI,53.0367538863014
OpenAI,60.47018884141072
