Company,Standardized Value
Google DeepMind,37.75079414023019
Meta AI,39.728954196156806
x.AI,40.5367538863014
Anthropic,43.95108911640068
OpenAI,60.22723516203435
