Company,Standardized Value
Anthropic,26.815630072319834
Google DeepMind,32.4010011816038
xAI,52.59586185559036
Meta AI,56.941824819564395
OpenAI,61.76572704062133
