Company,Standardized Value
x.AI,25.23747980610051
Meta AI,44.76112295167306
Google DeepMind,74.7728012722332
Anthropic,112.05933179065637
OpenAI,228.92878414240363
