Company,Standardized Value
x.AI,5.8342704948646125
Google DeepMind,14.198776844644634
Anthropic,16.456790660781618
Meta AI,17.132852372036904
OpenAI,46.78379173621402
