Company,Standardized Value
Google DeepMind,35.44526799727575
Meta AI,37.49669324045892
x.AI,37.95139535961885
Anthropic,41.87520352811922
OpenAI,58.75416979766525
