Company,Standardized Value
Anthropic,31.311253564553887
Google DeepMind,32.996466139915434
x.AI,50.19224668572552
Meta AI,52.104597508592136
OpenAI,62.8028398516907
