Company,Standardized Value
x.AI,37.884745214667944
Meta AI,65.01825493031461
Google DeepMind,91.34592058429838
Anthropic,104.78463953378743
OpenAI,190.61389727270964
