Company,Standardized Value
Anthropic,26.976317665742855
Google DeepMind,35.056529911042
x.AI,53.476901746358756
Meta AI,58.11853449982397
OpenAI,61.81525142763477
