Company,Standardized Value
x.AI,28.602477113580576
Meta AI,45.222430105306316
Google DeepMind,84.17645758459479
Anthropic,98.15703579915
OpenAI,228.81054194759585
