Company,Standardized Value
x.AI,8.803739219576718
Meta AI,15.536923032343925
Google DeepMind,24.309344118150218
Anthropic,32.829527652857195
OpenAI,49.432999615533554
