Company,Standardized Value
x.AI,34.790027497769515
Meta AI,61.54913319529741
Google DeepMind,91.23481625668491
Anthropic,105.93682531407494
OpenAI,196.82846106917617
