Company,Standardized Value
Anthropic,24.662852294542056
Google DeepMind,29.952575707019477
x.AI,51.782369792098294
Meta AI,52.652238344902614
OpenAI,60.81832233340357
